fixation_id,fixation_run_id,fixation_start_event_time,fixation_order_number,x,y,fixation_target,source_file_line,source_file_col,token,syntactic_category,xpath,left_pupil_diameter,right_pupil_diameter,duration
9f5eae24-96d4-4cf3-a580-72c62d9e083e,1684512651537,133281287843798234,1,752.389,442.778,Bug-13.txt,61,61,,,,2.71835,2.84111,233
f8982bfb-6426-4a9a-b39e-13d25732cc98,1684512651537,133281287833635340,2,704,566,Bug-13.txt,68,55,,,,2.81506,2.87871,118
ee0dba79-60c0-4718-af43-94597b43162b,1684512651537,133281287821488115,3,750.031,533.875,Bug-13.txt,67,61,,,,2.9485,3.17676,341
09a322c2-0874-4bab-8a28-2df51f004749,1684512651537,133281287812148471,4,656.211,535.842,Bug-13.txt,67,47,,,,3.04618,3.19407,483
2f31b697-22ac-4041-9567-e7f0fdb51c31,1684512651537,133281287806652154,5,464,695,Bug-13.txt,78,19,,,,3.32105,3.44046,133
1eece52f-ee50-4289-8820-76f94c56d446,1684512651537,133281287802814243,6,356.818,644.864,Bug-13.txt,75,5,,,,3.42387,3.55841,359
6cce27a0-e03c-4597-b4cd-7ca395501ac3,1684512651537,133281287791395677,7,581.836,693.219,Bug-13.txt,78,37,,,,3.12029,3.29111,608
f0e5c13e-1363-4a44-b4c9-9b93afe20734,1684512651537,133281287779733310,8,581.222,286.111,Bug-13.txt,51,35,,,,2.85816,2.98663,375
d6baab8a-02d7-4b85-96e9-bf6a9082483c,1684512651537,133281287773814029,9,631.294,676.353,Bug-13.txt,77,43,,,,2.77642,2.9289,333
da5e061a-4754-41f6-b8d0-4c529c859c3c,1684512651537,133281287769064901,10,733.313,635.313,Bug-13.txt,74,58,,,,2.72883,2.86827,149
ce9f28ba-7948-4019-b55d-dff96961edf6,1684512651537,133281287764647507,11,559,650.524,Bug-13.txt,75,33,,,,2.786,2.92145,217
f87946da-1093-46ff-81a8-6cb557f1fd91,1684512651537,133281287758256379,12,445.589,618.425,Bug-13.txt,74,18,,,,2.76874,2.91558,622
3adc4659-2455-4301-a935-15e6ff19d8d6,1684512651537,133281287752398765,13,448.333,420.606,Bug-13.txt,60,18,,,,2.70289,2.84562,308
d4d70d9c-b39b-48eb-a3cb-8196d0c8d7ae,1684512651537,133281287749945426,14,503,391.5,Bug-13.txt,58,25,,,,2.71237,2.84891,223
38cb6be6-cbec-49e8-8442-4244138738f0,1684512651537,133281287746231141,15,471.563,652.563,Bug-13.txt,75,21,,,,2.69992,2.84661,317
90250bf9-41ad-4249-bdd0-25567bc5e101,1684512651537,133281287730481935,16,516.145,596.324,Bug-13.txt,71,36,,,,2.69333,2.78544,1433
6b2bacd6-7aba-459b-93ff-6cf516090b32,1684512651537,133281287728649141,17,708.167,638.5,Bug-13.txt,74,55,,,,2.69378,2.82983,150
ee0d2544-ce93-45d5-9f48-dabe0f6b6828,1684512651537,133281287724481959,18,654.765,638.176,Bug-13.txt,74,44,,,,2.75087,2.8869,291
21c1868a-7405-4d74-8544-1317c15044ae,1684512651537,133281287689648920,19,496.035,657.391,Bug-13.txt,74,19,,,,2.77962,2.91902,3392
74b7324d-195e-4ac4-b4d0-e07a72bbde22,1684512651537,133281287663899724,20,476.084,518.761,Bug-13.txt,57,28,,,,2.72985,2.83615,1699
60c9cbb8-5393-44fa-aeb2-7298951b53f0,1684512651537,133281287662063137,21,494.947,710.895,Bug-13.txt,70,24,,,,2.734,2.86316,150
65bae6b6-9bfa-445d-88da-2b49993c05e2,1684512651537,133281287644396280,22,491.113,518.565,Bug-13.txt,56,21,,,,2.73842,2.83962,1724
e4c688c5-fc97-4fc0-be2a-4706245774ed,1684512651537,133281287630811618,23,661.72,255.88,Bug-13.txt,37,47,,,,2.82904,2.95891,492
5ff30481-d8e3-44b9-ba12-7aa83e7f58bf,1684512651537,133281287621067615,24,519.192,258.515,Bug-13.txt,37,11,,,,2.90377,3.05848,933
c42e7fd5-2bb0-44b1-9623-231946c99d15,1684512651537,133281287616558872,25,472.6,304.48,Bug-13.txt,40,21,,,,2.8459,2.98051,201
39b0d77d-39e0-408c-95d8-c71e295e5879,1684512651537,133281287609064212,26,467.353,522.137,Bug-13.txt,57,19,,,,2.75286,2.89197,525
49bf1bd2-f630-4664-94d9-681c9ea241f3,1684512651537,133281287596983093,27,461.123,552.406,Bug-13.txt,57,32,,,,2.76205,2.90185,1184
a42124c1-36b8-40c7-b7b5-2c79985a159a,1684512651537,133281287594731552,28,450.4,539.8,Bug-13.txt,56,18,,,,2.80071,2.93768,91
9eaf8c31-84f7-4a4e-bc9e-b91c934800e8,1684512651537,133281287588647056,29,491.333,581.905,Bug-13.txt,56,23,,,,2.80316,2.91484,491
7a53084f-ed33-46ee-84be-66dcad7ef541,1684512651537,133281287583563386,30,473.323,656.097,Bug-13.txt,57,20,,,,2.77124,2.90117,467
236a2b38-6d65-4e18-99cb-ed43d2d61114,1684512651537,133281287580399789,31,415.8,475.8,Bug-13.txt,45,13,,,,2.73378,2.88806,284
037414bf-3a59-4ae0-808e-bc102ff4f06c,1684512651537,133281287574232020,32,502.706,467.294,Bug-13.txt,51,25,,,,2.74824,2.85276,150
a1727b8b-f9fb-4128-aab4-e266df2ee6c8,1684512651537,133281287553488598,33,513.417,531.306,Bug-13.txt,57,32,,,,2.76886,2.85913,1349
f212290e-c691-4c01-8226-d890b833fefd,1684512651537,133281287520980304,34,489.719,477,Bug-13.txt,60,21,,,,2.76739,2.86747,1317
64b2838e-6306-425b-93c3-cd9e5ffd9c41,1684512651537,133281287512980664,35,485.806,431.742,Bug-13.txt,58,20,,,,2.80702,2.91198,774
07df08bc-147a-426d-a02b-8eafc85777de,1684512651537,133281287510545239,36,566,338.385,Bug-13.txt,51,34,,,,2.81898,2.94238,217
edc47e2b-e8a4-4b5d-96d5-62930d385711,1684512651537,133281287503400487,37,467.958,378.417,Bug-13.txt,57,20,,,,2.79335,2.94145,191
f8fa94eb-90be-4256-a9c7-ab25aec82fa4,1684512651537,133281287481297342,38,495.722,404.385,Bug-13.txt,60,23,,,,2.83864,2.967,2184
2fb452c6-8581-46b9-a7d1-6d28eff4e560,1684512651537,133281287459397065,39,516.895,590.076,Bug-13.txt,70,33,,,,2.77199,2.87693,2125
a25ebac6-3317-4d46-8084-a7e2fe6d9f8a,1684512651537,133281287432401072,40,532.785,623.146,Bug-13.txt,73,29,,,,2.7057,2.80054,2683
05121f28-a6b4-428e-be77-da4b5a51f29f,1684512651537,133281287426897228,41,683.6,577.05,Bug-13.txt,70,51,,,,2.76442,2.72737,273
5c6e4fa6-6fb4-40ed-a0f0-bea06a8d8362,1684512651537,133281287417643779,42,544.44,598.6,Bug-13.txt,71,35,,,,2.78891,2.89366,641
fbcb9483-8228-40e3-ba5e-68539d95be05,1684512651537,133281287401650139,43,503.056,589.8,Bug-13.txt,71,27,,,,2.76029,2.85347,1491
a1d2e6c9-b6d6-4aa4-aa06-7e791a48ffc2,1684512651537,133281287385731661,44,525.107,603.813,Bug-13.txt,71,28,,,,2.77131,2.86052,1459
73ea871d-d31c-49bf-a65b-50bde728852c,1684512651537,133281287380564271,45,482.75,394.375,Bug-13.txt,57,22,,,,2.78206,2.90737,491
545260ba-1f4e-4256-8888-512904bf2c1b,1684512651537,133281287378481682,46,454.25,545.875,Bug-13.txt,68,19,,,,2.70378,2.84402,183
fb4bb9c2-eced-43a0-b225-0998e320f14f,1684512651537,133281287357646014,47,514.989,593.483,Bug-13.txt,71,20,,,,2.74021,2.86184,2049
da306d14-22b1-4114-9553-91a97ff4b215,1684512651537,133281287322559836,48,493.276,601.975,Bug-13.txt,71,22,,,,2.75671,2.87116,3325
8fc3dc7a-4998-44b2-b32c-c08999caf25f,1684512651537,133281287314964147,49,547.635,583.865,Bug-13.txt,70,34,,,,2.75878,2.82291,632
9b335241-abbb-43e3-881d-491aba4661f3,1684512651537,133281287312311420,50,473.655,583.241,Bug-13.txt,71,21,,,,2.75029,2.86936,242
fc8cecff-576d-4ba5-bbaa-7e801d82a7c3,1684512651537,133281287306060373,51,493.03,587.924,Bug-13.txt,71,28,,,,2.76012,2.86268,592
1c90c3a6-1f4a-4d2b-8f2f-0497361ab21c,1684512651537,133281287277540147,52,478.428,625.004,Bug-13.txt,75,20,,,,2.74349,2.85615,2828
d3c5d1a6-a633-430e-af6a-8023bbb30eb8,1684512651537,133281287257896746,53,497.675,681.719,Bug-13.txt,78,28,,,,2.77742,2.91256,1600
b9e7978e-c3e7-425d-8cb1-a187fc801667,1684512651537,133281287250396800,54,410.337,644.975,Bug-13.txt,74,11,,,,2.77855,2.91564,725
9c23ce76-7091-48bd-8b95-a7eecf06ea3c,1684512651537,133281287241399246,55,557.091,672.955,Bug-13.txt,77,36,,,,2.78457,2.90436,842
47f405f1-da7c-434d-81cb-46b72f6041db,1684512651537,133281287229064716,56,727.179,636.446,Bug-13.txt,74,58,,,,2.68183,2.75361,1209
46cbf778-138c-4367-87fc-054494b70f6b,1684512651537,133281287224479795,57,646.455,667.091,Bug-13.txt,77,45,,,,2.73229,2.84317,317
4ed0414f-600a-4bf0-bdd3-082096d97ed4,1684512651537,133281287216313710,58,571.875,652.844,Bug-13.txt,75,33,,,,2.80847,2.94693,701
90c4e29e-c57a-4c3e-af8f-d9a52770016b,1684512651537,133281287198553503,59,483.286,652.969,Bug-13.txt,74,26,,,,3.01084,3.20336,1600
ef7a0c6f-55cd-49a4-828d-6ccca682c21a,1684512651537,133281287186563849,60,707.933,159.133,PiePlot.java,2307,52,,,,2.95612,3.07871,126
fae57208-bba8-4608-80ac-122b63882cc8,1684512651537,133281287176396654,61,513.935,338.473,PiePlot.java,2316,21,,,,2.91163,3.0217,917
c69789c4-3ec1-44d6-8295-6f3d0941be5f,1684512651537,133281287167807910,62,497.381,641.571,PiePlot.java,2336,21,,,,3.01704,3.23132,167
40682904-eafc-4b44-8fb8-d1f5791c0881,1684512651537,133281287135816025,63,550.429,707.429,PiePlotTest.java,117,30,,,,2.91187,2.99627,241
0438f5b1-5d6e-468a-b0bb-4f5c54865f73,1684512651537,133281287130397640,64,543.458,399.75,PiePlotTest.java,95,29,,,,2.90717,2.99867,475
b7cc40d6-c1ee-405b-928c-39b9df6515a6,1684512651537,133281287114878797,65,468.545,341,PiePlotTest.java,91,18,,,,3.06378,3.21081,518
abe3b885-48a4-43d4-9409-74d3af077ffb,1684512651537,133281287085313914,66,458.324,301.471,PiePlot.java,2314,16,,,,3.03647,3.22866,274
f41c546f-15c3-4d95-a23f-9a397d1357b9,1684512651537,133281287082066179,67,781.72,282.56,PiePlot.java,2313,61,,,,3.03911,3.17929,291
6acf8943-17d6-4dc8-a7c3-fa7a86a3f630,1684512651537,133281287075816500,68,768.933,291.267,PiePlot.java,2313,60,,,,3.03676,3.18786,174
45d73a6c-dd61-429f-8774-99cf35df9e30,1684512651537,133281287072143934,69,642.5,294.219,PiePlot.java,2313,42,,,,3.05062,3.19623,300
6072ba0a-a7c3-4617-a22c-736f386ec120,1684512651537,133281287066730470,70,469.538,304.288,PiePlot.java,2314,17,,,,3.08345,3.26889,434
ec5bd39e-9451-4ecb-a2be-22acdd45a782,1684512651537,133281287033148094,71,494.5,499.143,PiePlot.java,2327,20,,,,3.16281,3.33329,357
27b5f0fe-d2ef-45be-99d8-a8ea85b67e54,1684512651537,133281287029893963,72,629.87,335.13,PiePlot.java,2316,40,,,,3.37272,3.45386,251
799a951f-42c2-4011-8053-15cbb78274b7,1684512651537,133281286998814787,73,465,142.5,PiePlot.java,2302,17,,,,3.0531,3.20538,301
76aecbd6-b41e-4a95-b2ab-99667814ddac,1684512651537,133281286981398791,74,443.022,443.25,PiePlot.java,2322,17,,,,2.93779,3.07075,1699
ced695fe-24e8-4a5c-9510-ebba69a52b4d,1684512651537,133281286976796705,75,449.619,453,PiePlot.java,2324,10,,,,3.08461,3.18122,435
e6d905d4-5595-4fae-bf51-4807d14b6465,1684512651537,133281286973224810,76,458.757,252.649,PiePlot.java,2310,16,,,,3.16034,3.34429,307
581b3d8f-d711-45d2-8873-d9d36a903ca8,1684512651537,133281286957066319,77,453.607,361.036,PiePlot.java,2317,15,,,,2.92542,3.06923,383
82fda44c-49dd-4573-9173-ac1f21ce37d8,1684512651537,133281286946981421,78,452.583,452.052,PiePlot.java,2324,10,,,,2.96424,3.10339,882
28919ed7-95c5-441f-b2e1-a144c50b4cf9,1684512651537,133281286931210827,79,447.282,460.487,PiePlot.java,2324,10,,,,2.83433,2.9619,760
b0e8d566-29ce-426f-834d-ac49505aa506,1684512651537,133281286910461109,80,483.583,462.167,PiePlot.java,2324,12,,,,2.81817,2.95383,269
31a7a399-f637-41b9-8d79-5f85e999e62a,1684512651537,133281286894563179,81,491.831,354.901,PiePlot.java,2319,20,,,,2.90633,3.03615,1515
d3dadba4-c552-47f1-82a6-3fe5beb093c4,1684512651537,133281286883217176,82,503.163,394.69,PiePlot.java,2319,19,,,,2.88159,3.00814,1118
1c8fd7cd-81bd-47af-9500-2226e0746907,1684512651537,133281286873814814,83,500.733,523.933,PiePlot.java,2328,19,,,,3.00885,3.13186,909
a941a9a4-471a-4367-8834-16bfae6aa289,1684512651537,133281286855731514,84,395.056,422.722,Bug-13.txt,59,9,,,,2.75743,2.89094,359
f3fa245c-7093-4077-aa07-7f1f91397cc2,1684512651537,133281286851898960,85,437.704,535.63,Bug-13.txt,67,16,,,,2.68716,2.81729,350
856e7748-0784-4a73-9c12-e43708e0bea6,1684512651537,133281286850716496,86,462,558.2,Bug-13.txt,68,20,,,,2.69487,2.8176,93
49242249-6939-4fb1-989a-5c369fe87d16,1684512651537,133281286847641461,87,578.455,579,Bug-13.txt,70,36,,,,2.73524,2.78014,192
be2d2c85-1368-42db-8262-e9046e891cd0,1684512651537,133281286826563926,88,433.692,598.571,Bug-13.txt,70,10,,,,2.69172,2.80972,2083
0cf1c641-57d3-4ae1-8fb5-33a6e30fb2f9,1684512651537,133281286824397729,89,551.944,619.778,Bug-13.txt,73,33,,,,2.67847,2.75289,200
3a72e098-7370-496e-8058-f8a5f39c631b,1684512651537,133281286802063177,90,536.301,643.993,Bug-13.txt,73,31,,,,2.77133,2.86803,1773
58666cd3-e55e-4f97-9e6c-818ea4e49992,1684512651537,133281286788559506,91,562.371,683.101,Bug-13.txt,77,37,,,,2.83299,2.97106,859
b2f2df0e-33c5-43b9-bf32-782f80a3b776,1684512651537,133281286771395797,92,459.255,627.532,Bug-13.txt,71,11,,,,2.90504,3.04813,1689
4144334e-1989-42af-9226-ac201c44524e,1684512651537,133281286765232417,93,396.977,652.814,Bug-13.txt,75,10,,,,2.89755,3.02368,375
87a36aee-2ce8-41ad-bdc1-136e51e89252,1684512651537,133281286761642576,94,444.895,654.947,Bug-13.txt,75,17,,,,2.92077,3.05535,343
ef9c356d-d3ac-4dd0-b593-77da8dedf415,1684512651537,133281286757897303,95,474.25,586.292,Bug-13.txt,70,22,,,,2.98512,3.1131,348
b6ae28fb-fc22-4551-bedd-c7f4d6156457,1684512651537,133281286755628974,96,490.737,445.263,Bug-13.txt,61,24,,,,2.98127,3.08342,166
d5c0a5bc-8099-4421-a7f0-9687a919f337,1684512651537,133281286744480129,97,495.111,328.778,PiePlot.java,2316,20,,,,2.94019,3.08008,425
64e48ebf-468a-4e98-b056-92178ee5feb1,1684512651537,133281286739980640,98,439,334.083,PiePlot.java,2316,13,,,,2.94601,3.08916,290
901e8b64-ab0a-4017-9e02-1d7abb3cddf8,1684512651537,133281286736899372,99,496.792,334.125,PiePlot.java,2316,21,,,,2.96352,3.08427,240
1dce6ca1-f518-4095-bcf4-04f36e236458,1684512651537,133281286732466392,100,528,450.4,PiePlot.java,2324,17,,,,2.96434,3.03553,409
34b301de-df02-4a17-894d-b7f60aba4a81,1684512651537,133281286726149169,101,517.154,262,PiePlot.java,2311,24,,,,3.18273,3.28106,208
cc724ebf-df88-47a8-b764-6ce0b54192db,1684512651537,133281286708042854,102,481.848,410.606,PiePlot.java,2322,19,,,,2.78663,2.91557,318
98b2802b-6d8c-4981-968b-955c8655f6d5,1684512651537,133281286698143533,103,563.909,430.667,PiePlot.java,2322,32,,,,2.80857,2.91538,967
cfd596af-5993-4066-8826-a8298eb5bb70,1684512651537,133281286689733314,104,483.782,426.538,PiePlot.java,2322,17,,,,2.86498,3.01793,806
daa8095e-c8ea-4295-b1ad-6321897f2fe7,1684512651537,133281286638634940,105,502.342,429.241,PiePlot.java,2322,19,,,,2.87584,2.99201,5091
111716ea-d7ee-49d2-b576-b0dc392f075b,1684512651537,133281286635816110,106,396.313,446.75,PiePlot.java,2323,7,,,,3.04398,3.25879,267
fca4be3f-3e3f-4c38-8827-949e27e918ad,1684512651537,133281286604645836,107,484.211,434.114,PiePlot.java,2322,19,,,,2.92807,3.04974,2609
e4daf3d5-27fd-48f4-91f0-0d77bce5d511,1684512651537,133281286602561568,108,557.053,425.579,PiePlot.java,2322,30,,,,2.96519,3.05163,192
6d272b41-8d66-4fba-b601-1b6913230145,1684512651537,133281286596561624,109,480.741,444.407,PiePlot.java,2323,16,,,,3.01624,3.09566,249
3d2068bb-7f45-4b41-8d7e-35c5240e34a9,1684512651537,133281286587211054,110,488.934,433.355,PiePlot.java,2322,21,,,,3.05139,3.16236,893
95966ceb-191f-4112-ad31-3083c21422a1,1684512651537,133281286567897063,111,535.095,427.834,PiePlot.java,2322,27,,,,2.91646,3.02745,1507
d225ea1b-51d2-4eb7-b22b-48ae52c53e83,1684512651537,133281286557144864,112,465.045,410.091,PiePlot.java,2320,14,,,,3.03905,3.1749,917
d20e1d15-2c4a-4851-8840-5d924a203fe0,1684512651537,133281286537982681,113,473.836,405.352,PiePlot.java,2319,14,,,,2.90247,3.03391,1449
e8661da2-44f8-4c9d-8f04-f6a92775932a,1684512651537,133281286532044838,114,502.167,426.021,PiePlot.java,2322,21,,,,2.88763,3.01367,568
a4b99afa-8aee-4ea0-95ae-0f29fe7223ca,1684512651537,133281286527792830,115,594.895,399.632,PiePlot.java,2320,35,,,,2.91929,3.04486,186
2c266fd3-4a31-493a-b518-5e07c4d53d8b,1684512651537,133281286524478943,116,521.696,423.435,PiePlot.java,2322,25,,,,2.93057,3.05448,258
57d4547c-4d4f-4517-ba34-667b9e4f3645,1684512651537,133281286504474137,117,486.226,421.226,PiePlot.java,2322,19,,,,2.99138,3.11569,1408
72e28a7d-5064-42f1-ab7a-b3653984fb0d,1684512651537,133281286501731868,118,471.964,445.286,PiePlot.java,2323,15,,,,3.15024,3.25607,242
ab0de538-a1fa-48df-94d1-d08822919cb7,1684512651537,133281286488980474,119,469.398,432.12,PiePlot.java,2322,14,,,,3.00939,3.15026,732
5a77bd4b-3eec-4a0f-a909-09fbf107b9bb,1684512651537,133281286457397002,120,606,428.8,PiePlot.java,2322,36,,,,2.88676,2.98654,2393
602a1998-77b4-4b91-a6c8-703fda521591,1684512651537,133281286447462161,121,479.917,423.417,PiePlot.java,2322,19,,,,3.26783,3.37191,318
2a905769-208d-4870-9406-ce8c981dbd36,1684512651537,133281286425058003,122,567.742,423.145,PiePlot.java,2322,31,,,,2.82767,2.91422,1301
de6d45bb-09e7-4618-9c01-997ec0f67e10,1684512651537,133281286405207573,123,510.412,442.941,PiePlot.java,2322,21,,,,3.40907,3.47397,877
b60642f8-2fbe-4fca-9285-30bc97a3748f,1684512651537,133281286393063789,124,491.911,436.778,PiePlot.java,2323,17,,,,3.22447,3.34153,408
5344e18d-dc21-49a5-b14f-f35dfc4e5890,1684512651537,133281286367477073,125,517.647,441.398,PiePlot.java,2323,24,,,,3.04067,3.1698,2135
179952ac-eb07-4e42-8a2e-cd20edbf4430,1684512651537,133281286360484929,126,534.135,447.703,PiePlot.java,2324,23,,,,3.12567,3.23182,305
4a746bd0-99b2-4d5f-bfe0-2b3bec67c389,1684512651537,133281286357484910,127,581.552,428.103,PiePlot.java,2322,33,,,,3.172,3.2289,283
5034a249-5f58-410f-883a-7c678c22250b,1684512651537,133281286350391798,128,486.514,399.186,PiePlot.java,2320,20,,,,3.31497,3.40992,691
9039b864-5338-49d5-82c7-4cbf6ad98d7e,1684512651537,133281286339981112,129,498.45,381.15,PiePlot.java,2319,22,,,,3.14887,3.26957,358
ada1b592-c103-4f49-8c8f-6462ec8d091c,1684512651537,133281286316894982,130,604.066,378.902,PiePlot.java,2319,39,,,,2.83784,2.94887,1791
9dd4024a-71ed-4f11-9010-077baab6c2a5,1684512651537,133281286313312977,131,700.571,355.25,PiePlot.java,2317,48,,,,2.86149,2.97152,315
d31c2b34-929d-49bf-a874-0a54067b6c89,1684512651537,133281286301547387,132,542.188,372.962,PiePlot.java,2319,26,,,,2.9534,3.04292,792
b90e5f97-6040-4c39-929a-577b4f9a66a6,1684512651537,133281286297466272,133,489.773,595.591,PiePlot.java,2335,20,,,,2.94152,3.1071,258
2caaa783-b180-4df0-89c9-5065b406c459,1684512651537,133281286287631721,134,478.818,129.091,Bug-13.txt,40,22,,,,3.19837,3.36421,85
c0aa997a-f92c-4b66-93de-73b741c3d891,1684512651537,133281286262561983,135,496.898,557.878,Bug-13.txt,68,26,,,,2.84707,2.97483,1650
7540c3e3-958c-4a25-b797-e683d482bea5,1684512651537,133281286241394089,136,519.648,548.901,Bug-13.txt,68,34,,,,2.86852,2.95298,1599
fd5def31-93d8-4700-b7bb-619d9525098f,1684512651537,133281286221978611,137,448.897,616.2,Bug-13.txt,71,16,,,,2.85257,2.99719,1926
423d0301-a36c-4442-935e-08c23d61560e,1684512651537,133281286200227682,138,483.84,558.356,Bug-13.txt,68,33,,,,2.83355,2.95306,2158
8d61ca12-e718-4306-820d-a967deb8acfc,1684512651537,133281286191709221,139,422.12,442.08,Bug-13.txt,62,12,,,,3.00198,3.15037,310
dd9b1eca-6017-4725-a381-a3a1f32d8d83,1684512651537,133281286179546401,140,537.286,323,PiePlot.java,2316,27,,,,2.91083,3.04844,168
28e2070f-24d0-4edf-a0c9-b5f67c7e74b8,1684512651537,133281286167976311,141,578.19,333.833,PiePlot.java,2316,33,,,,2.88104,3.01595,401
57a99c06-e840-4fb6-8ebf-bb2be7d87128,1684512651537,133281286165120457,142,502.263,309.895,PiePlot.java,2314,22,,,,2.88369,3.04719,185
54c5e930-447e-41c7-ac87-c8cd8e84a3af,1684512651537,133281286162880168,143,682.636,351.909,PiePlot.java,2317,48,,,,2.9161,3.02621,193
a3fa2573-5c78-4dc9-8bd8-fab03e8a439c,1684512651537,133281286153723216,144,524.864,398.136,PiePlot.java,2317,30,,,,3.01655,3.11826,883
7daf620d-77eb-4f11-bfc0-73a770a8396b,1684512651537,133281286146704595,145,504.385,308,PiePlot.java,2314,22,,,,3.16895,3.32494,235
d89195b4-f4dc-4990-8c15-92c2f9822f34,1684512651537,133281286145635608,146,494.182,396.727,PiePlot.java,2320,21,,,,3.14677,3.29563,84
6e99d5a4-d931-4f85-81f6-ea96216e3d24,1684512651537,133281286121379895,147,561.75,519.5,PiePlot.java,1621,30,,,,3.32852,3.49088,194
02be324c-7d8a-4f72-99df-48a6d91dc42a,1684512651537,133281286111062390,148,506.333,766.667,PiePlot.java,1638,23,,,,2.94514,3.08012,117
09767429-e66f-42b0-a81a-716572d6f596,1684512651537,133281286106709692,149,526.735,583.647,PiePlot.java,1625,26,,,,2.89291,3.04615,385
88d3b85d-bb7f-4463-99f8-4bd8a8f8d35c,1684512651537,133281286096378675,150,501.757,460.871,PiePlot.java,1600,22,,,,2.90859,3.03585,994
9b8ef791-8ace-4457-95f4-205e6fdcdd63,1684512651537,133281286092557403,151,469.538,644.077,PiePlot.java,1600,17,,,,2.96275,3.15701,275
7dadaaf8-be72-4f94-9fde-1b19229e71df,1684512651537,133281286089395029,152,462.417,552.125,PiePlot.java,1585,16,,,,2.92755,3.10189,224
2dfc9460-b1c9-45f2-915e-73323f497312,1684512651537,133281286079146968,153,491.067,121.4,Bug-13.txt,40,24,,,,2.86457,2.97387,183
350ad1d0-6d6f-4044-8435-8ca9d555ccad,1684512651537,133281286071710177,154,401.528,584.347,Bug-13.txt,71,8,,,,2.74659,2.90783,593
3a9b8226-0969-4c1f-97fc-f88079ee9e84,1684512651537,133281286049556574,155,458.591,518.052,Bug-13.txt,57,18,,,,2.91187,3.07472,1798
f4f59a3b-25c2-453c-bb60-6fb5cff89145,1684512651537,133281286029560939,156,483.663,450.163,PiePlot.java,1578,19,,,,3.05655,3.16916,925
3eb9ac03-359a-41bc-b13f-867feee2e309,1684512651537,133281286022145884,157,481.4,293.725,PiePlot.java,1567,18,,,,3.22006,3.33191,433
f3d7e4ab-b1b6-4f39-8f4d-c45433dfa703,1684512651537,133281286014391758,158,485.103,449.385,PiePlot.java,1578,20,,,,3.09745,3.21096,424
d54d38c5-5fe5-4426-a07c-b6aa92db1043,1684512651537,133281286003897395,159,605.8,106.6,PiePlot.java,1555,37,,,,3.01565,3.17897,149
8231586c-5d4c-44c1-ac5e-054723b06f3a,1684512651537,133281285988897510,160,482.768,456.013,PiePlot.java,1578,19,,,,2.97895,3.11534,1425
ebc9b41d-5c61-4039-bda2-8a8741ad96ba,1684512651537,133281285959645675,161,482.28,454.464,PiePlot.java,1579,13,,,,2.98128,3.09708,2258
e9eb4263-b3d0-4e64-82d7-0339a9f46776,1684512651537,133281285941395993,162,568.816,447.408,PiePlot.java,1578,31,,,,2.91452,3.02581,1308
8d415f6c-6cb2-4a3e-8c6b-f1aada69aa2d,1684512651537,133281285925145770,163,472.086,451.989,PiePlot.java,1578,16,,,,3.069,3.18,1589
f19b7bbc-a608-4447-8fdd-1a1cfb428185,1684512651537,133281285911144835,164,540.746,460.342,PiePlot.java,1579,25,,,,2.97531,3.06392,949
c8920753-8739-4e6e-a02a-cb27a41b3b1c,1684512651537,133281285909479454,165,492.947,456.263,PiePlot.java,1579,18,,,,3.02132,3.13942,150
73cbf819-deec-4fc2-9fc2-092da31a68af,1684512651537,133281285898062518,166,512.757,445.365,PiePlot.java,1579,25,,,,3.08128,3.16474,1125
3852802f-7c33-4d23-a376-47d35c39d010,1684512651537,133281285889729733,167,475.517,428.931,PiePlot.java,1576,19,,,,3.1148,3.21629,349
acd543d9-0eb7-4a6a-a61f-ad842e2708b9,1684512651537,133281285876043657,168,454.051,446.821,PiePlot.java,1578,14,,,,2.84005,2.95558,759
c0e0f173-8f91-4a60-a1a8-3eafc5f638af,1684512651537,133281285865228599,169,522.955,444.955,PiePlot.java,1578,25,,,,2.90191,3.00477,617
dcfb8cdb-354b-43de-9133-706fe8b49fa0,1684512651537,133281285851812565,170,522.8,470.3,Bug-13.txt,54,28,,,,2.79096,2.87501,83
bcfb0a03-ad6a-49c3-a343-42dec18000a9,1684512651537,133281285841647284,171,470.725,477.522,Bug-13.txt,54,15,,,,2.88491,3.00376,763
28bc0526-f9a3-4dc8-aca0-35b2f6c009e8,1684512651537,133281285828960886,172,549,452.5,PiePlot.java,1578,29,,,,2.80936,2.9118,159
63142890-6bc2-415f-b5c7-d63097b02861,1684512651537,133281285823891479,173,460.529,454.824,PiePlot.java,1578,16,,,,2.8553,2.97315,434
65ce2164-3d3e-43ce-bb6c-01c871c99161,1684512651537,133281285807714498,174,506.942,409.385,PiePlot.java,1581,20,,,,2.86166,2.9681,1593
891cb3ab-6ce3-4ddb-af7d-d68c205b127b,1684512651537,133281285798061961,175,523.719,324.649,PiePlot.java,1576,27,,,,2.87979,2.9884,941
55b3851f-43a6-4d36-860d-27fced66d61f,1684512651537,133281285792293588,176,557.958,399.083,PiePlot.java,1598,30,,,,2.91261,3.00841,292
3f01c92a-bb4b-435d-9d1e-70e8565cf4b7,1684512651537,133281285788978425,177,474.938,448.438,PiePlot.java,1596,18,,,,2.94026,3.02834,158
2cd087de-161a-4c16-b10d-79a2e1523d7c,1684512651537,133281285784127542,178,474.283,607.826,PiePlot.java,1608,18,,,,2.99384,3.17806,435
92e788d7-ccec-47bd-8d1c-47825d4f4942,1684512651537,133281285755544560,179,486.431,441.784,Bug-13.txt,51,28,,,,3.1484,3.22376,685
51511108-1033-4bea-a452-ae12c8d4657a,1684512651537,133281285731313121,180,438.974,493.494,Bug-13.txt,56,17,,,,2.83042,2.97901,1591
bcb4c495-01b2-441e-8b55-9099a13ac80d,1684512651537,133281285726479263,181,506.19,474.429,Bug-13.txt,54,24,,,,2.83667,2.94843,340
444b649d-3c83-4cd6-8396-67a04adf3b26,1684512651537,133281285717064081,182,433.5,473.4,Bug-13.txt,54,15,,,,2.83188,3.0068,567
c028fe14-0585-4d0a-a606-c9acd30b8332,1684512651537,133281285701395386,183,445.283,495.304,Bug-13.txt,54,16,,,,2.81221,2.94824,1541
942f065c-0de8-4e56-a969-e41021807a87,1684512651537,133281285698394317,184,440.867,477.4,Bug-13.txt,54,17,,,,2.76494,2.72163,255
8e3d09fb-1335-475e-99ee-c33078f4a209,1684512651537,133281285687064317,185,440.429,493.786,Bug-13.txt,56,16,,,,2.76699,2.88875,634
d6d20a1a-31ac-441a-9d85-f275470c53fa,1684512651537,133281285665978641,186,443.386,489.015,Bug-13.txt,58,16,,,,2.84155,2.96954,2024
4875142a-7078-499a-9906-417c0f1eccdd,1684512651537,133281285663645078,187,464.7,697.8,Bug-13.txt,75,20,,,,2.84651,3.00563,192
68fc393d-d3a6-450d-a0e9-570967bf8fd8,1684512651537,133281285658145189,188,392.179,704.974,Bug-13.txt,76,9,,,,2.84759,3.0284,484
2e5a13f9-d763-47be-8b76-9d6b7317def3,1684512651537,133281285646276633,189,483.224,731.806,Bug-13.txt,78,23,,,,2.95388,3.12147,1153
0529fcd9-de54-4b1d-bebd-ef1559411713,1684512651537,133281285643057230,190,454.571,498.929,Bug-13.txt,62,18,,,,2.99192,3.16585,134
d4c3b5eb-81ca-4051-88e5-e0a6fa51a70a,1684512651537,133281285641226764,191,386,111.333,Bug-13.txt,36,9,,,,3.05954,3.26133,125
c2c3dc3e-45f5-4028-901c-701228cf6b86,1684512651537,133281285629816468,192,389.529,108.059,PiePlotTest.java,2,6,,,,3.05688,3.26128,983
2b617d3c-de96-4f18-b748-4bd6888f01e7,1684512651537,133281285626898790,193,454.8,336.6,PiePlotTest.java,91,16,,,,3.00861,3.16442,166
bb64dc17-703a-4b6a-9642-8384e1371efe,1684512651537,133281285620310565,194,449.467,111.333,PiePlotTest.java,2,15,,,,2.85262,3.00838,601
0ec731a3-6e02-4123-a6a8-58ad37acfc74,1684512651537,133281285598479185,195,455.167,143.833,PiePlotTest.java,48,16,,,,2.85645,3.04306,209
46d33cbb-20b2-47f8-a815-0595c291f136,1684512651537,133281285593482655,196,523.105,444.684,PiePlotTest.java,99,26,,,,2.82836,2.96279,458
3d4b7729-72ec-41cb-a576-b0d377624eb6,1684512651537,133281285590692694,197,584,117.9,PiePlotTest.java,2,35,,,,2.79263,2.93071,229
af27607c-e6a2-4f5f-8f65-6ee20b387c5d,1684512651537,133281285581394357,198,476.985,538.97,PiePlotTest.java,105,17,,,,2.79424,2.9555,700
a46d9047-8933-4108-b3ca-be18ff3515dc,1684512651537,133281285574395681,199,592.486,108.886,PiePlotTest.java,2,35,,,,3.01164,3.18656,509
aff1a942-165b-4f3e-8e88-d72ef31e1927,1684512651537,133281285570232614,200,543.364,389.977,PiePlotTest.java,95,29,,,,2.85099,2.98984,357
3b714bd4-61b8-4c2d-87dc-6c5a7ae563a4,1684512651537,133281285529562461,201,475.811,289.703,PiePlotTest.java,88,19,,,,3.03278,3.21563,572
28eb31a0-8ada-4495-8843-684313540649,1684512651537,133281285510229847,202,464.941,114.294,PiePlotTest.java,2,18,,,,3.00009,3.17685,1500
cf1910c6-d7d0-4ca3-9d74-7495da04ca34,1684512651537,133281285467313627,203,468.297,288.838,PiePlot.java,1586,19,,,,2.96195,3.1041,617
8edc76de-a4b0-4db3-b70c-62fafe432342,1684512651537,133281285463225770,204,784.194,294.774,PiePlot.java,1586,61,,,,2.97301,3.06926,367
db2ac7f1-3243-4eb0-bbd8-81bd01c3b97c,1684512651537,133281285449310015,205,471.901,257.852,PiePlot.java,1585,17,,,,3.11238,3.29497,1048
bd0b3098-a660-45d4-8608-4f81fff6e24e,1684512651537,133281285427394661,206,573.529,659.529,PiePlot.java,1610,32,,,,2.83527,2.96323,234
7d4a8e28-9d49-4a38-9a5c-cfa334e727b5,1684512651537,133281285423807594,207,520,664.083,PiePlot.java,1610,25,,,,2.84203,2.96824,268
ca951953-8b67-4b9f-b59c-d151ff4aca6a,1684512651537,133281285417312713,208,512.765,480.294,PiePlot.java,1598,25,,,,2.87609,2.97552,474
0727a5ef-6fb0-47d9-9166-9bd4f52055bd,1684512651537,133281285415728723,209,442.636,654.727,PiePlot.java,1608,13,,,,2.92331,3.09957,134
18983a7a-5eb5-4846-ae92-603e9de508c1,1684512651537,133281285395730098,210,516.35,148.225,Bug-13.txt,40,25,,,,2.78078,2.94504,448
4bb30e66-2e67-4d60-859d-24cdab8a7a6e,1684512651537,133281285374888060,211,450.355,422.806,Bug-13.txt,57,17,,,,2.67186,2.81603,760
4dddaec4-e3fb-4306-9003-c8fc4acd104b,1684512651537,133281285359312046,212,430.2,588.12,Bug-13.txt,68,15,,,,2.67047,2.80315,484
8fac65e9-df6a-413e-81f1-0b9efa5adab9,1684512651537,133281285341813107,213,455.556,659.222,Bug-13.txt,75,9,,,,2.73195,2.87229,1691
eff56c28-65cb-489e-95a4-1dd136e3412c,1684512651537,133281285333978590,214,478.444,696.5,Bug-13.txt,75,19,,,,2.78976,2.93304,750
bf4dfda1-7ec3-4a93-aa3d-97059319af83,1684512651537,133281285323647426,215,497.593,693.627,Bug-13.txt,75,27,,,,2.81193,2.95807,1000
eb294c58-ffd3-4a30-8295-1ea332b6b11f,1684512651537,133281285316478899,216,477.049,419.049,Bug-13.txt,56,22,,,,2.97563,3.08297,683
27b01022-4b78-4cd5-b364-92060ce9af2b,1684512651537,133281285300397337,217,454.5,106,PiePlot.java,1564,12,,,,2.85981,2.9946,992
5a9ccc9b-a9e5-4901-b479-4364bff42a81,1684512651537,133281285290230286,218,508.754,385.57,PiePlot.java,1583,23,,,,2.7595,2.8718,984
2998207f-d8e5-43cf-8d11-ed21b597f3c1,1684512651537,133281285281378002,219,510.333,304.333,PiePlot.java,1578,23,,,,2.66526,2.77628,361
87291bbb-5bd4-4964-be0a-95dba77d1a47,1684512651537,133281285278226402,220,715.889,359.5,PiePlot.java,1581,53,,,,2.67482,2.73713,283
4d214e35-5ce7-4f9d-9630-07faca904ac6,1684512651537,133281285273645551,221,635.077,364.038,PiePlot.java,1581,42,,,,2.65599,2.74777,347
a1307efe-a60c-48ff-81c4-c6580b47720f,1684512651537,133281285262145642,222,553,398.832,PiePlot.java,1583,24,,,,2.71922,2.81227,1126
31d821de-5f81-41c9-8c76-afb441830893,1684512651537,133281285246041079,223,543.411,408.64,PiePlot.java,1584,24,,,,2.67735,2.79585,1485
6e8ec8f4-c85c-47d6-b973-cfa38beb61da,1684512651537,133281285239863129,224,697.264,401.958,PiePlot.java,1584,52,,,,2.66645,2.77581,604
90c25bb6-d40c-46da-bca7-20c4971d582c,1684512651537,133281285235312148,225,535.096,404.885,PiePlot.java,1584,25,,,,2.72432,2.84287,433
e4dbc9aa-2189-4e87-9780-13c811159a52,1684512651537,133281285227976880,226,539.151,390.836,PiePlot.java,1583,25,,,,2.7713,2.90163,609
d7169968-1b40-4002-a6ca-a27c2145a73b,1684512651537,133281285217650204,227,507.136,369.5,PiePlot.java,1582,21,,,,2.77282,2.91043,766
5c695434-c21f-4be6-930b-ecb7184ebf43,1684512651537,133281285214477495,228,580.625,613.208,PiePlot.java,1598,33,,,,2.80333,2.89243,275
2ca42619-2c69-4e07-bf91-5142f92f1887,1684512651537,133281285208811118,229,483.425,599.7,PiePlot.java,1596,17,,,,2.83151,2.95303,534
9102a455-1b49-4d84-af7f-6e2738982b0b,1684512651537,133281285204729039,230,478.806,404.871,PiePlot.java,1584,19,,,,2.89194,2.99826,263
6f4430a9-538c-47a2-bdd5-11ccad354fd8,1684512651537,133281285203646551,231,623.667,308.333,PiePlot.java,1578,39,,,,2.92023,3.03326,83
32d1363d-a6df-4bcc-b657-0559ad4d1afb,1684512651537,133281285195394917,232,525.972,293.528,PiePlot.java,1576,25,,,,2.87162,3.03492,566
5f85cb00-97a7-4900-a3eb-28dc0dcfb83a,1684512651537,133281285189126355,233,508.962,635.154,PiePlot.java,1600,25,,,,2.86835,3.01518,526
c77e5bf9-32f3-4f54-b8e6-8de85fa5de13,1684512651537,133281285181722403,234,512.836,374.873,PiePlot.java,1580,21,,,,2.92181,3.06246,685
0a8ab457-d67a-4a59-a07b-bde252f2d868,1684512651537,133281285172476633,235,444.471,381.765,Bug-13.txt,54,17,,,,2.78889,2.93117,133
d49af294-9389-4ce1-9a9d-a8e72370728a,1684512651537,133281285169562819,236,516.95,382.4,Bug-13.txt,54,27,,,,2.76358,2.88251,242
45ae4202-80e1-4311-bbab-8ffce50c6358,1684512651537,133281285162894075,237,429.776,440.948,Bug-13.txt,57,10,,,,2.72693,2.85803,642
a44f61fd-7cd3-4455-841b-fe87d1fcae02,1684512651537,133281285147895583,238,460.179,380.388,Bug-13.txt,54,19,,,,2.79974,2.93264,942
ea38241d-1d12-4dbb-9cce-7b70a03dcc0b,1684512651537,133281285144146857,239,398,489.5,Bug-13.txt,61,10,,,,2.76019,2.91874,332
3d92bc3c-a850-46ea-bc43-aa6dc968c9d4,1684512651537,133281285136730552,240,432.697,409.868,Bug-13.txt,54,21,,,,2.78541,2.93197,716
9c10d302-e846-469e-ace7-c89374f91d5e,1684512651537,133281285128128439,241,407.728,686.543,Bug-13.txt,75,8,,,,2.74935,2.89582,810
530ab5ce-d057-4618-bc71-d1b360a9eb58,1684512651537,133281285122065656,242,456.561,698.825,Bug-13.txt,74,21,,,,2.72285,2.86748,581
042ac3d0-63b1-4e09-9831-258e5b2fe4f6,1684512651537,133281285100228616,243,454,498.1,Bug-13.txt,62,19,,,,2.79113,2.91548,90
98838e77-9b0a-4366-8c43-7aa542bf0d3f,1684512651537,133281285097646158,244,390.654,332.692,Bug-13.txt,51,10,,,,2.8526,3.00594,225
9245532a-c763-4396-8556-2b2c61431adc,1684512651537,133281285087315113,245,373.115,687.538,Bug-13.txt,75,7,,,,2.93038,3.09791,208
8ad658db-cd51-4605-96fd-bd86a6558881,1684512651537,133281285083313854,246,351.829,385.657,Bug-13.txt,56,3,,,,2.91246,3.06925,368
22dd0958-a833-4f9b-8dbd-896684f6e40a,1684512651537,133281285081395995,247,418.75,307.833,Bug-13.txt,52,13,,,,2.98263,3.17331,109
9616ed9a-8578-41db-bd7b-6c44bc43c1ac,1684512651537,133281285077979271,248,437,458.444,Bug-13.txt,62,16,,,,2.93088,3.07889,158
561480f8-50e8-4dad-8464-3e823be8b635,1684512651537,133281285065896378,249,490.167,668,PiePlot.java,1600,22,,,,2.75671,2.8861,317
65ac4d57-1456-4220-a87e-f16c9d4d44c8,1684512651537,133281285063391389,250,477.444,533.444,PiePlot.java,1590,18,,,,2.74223,2.85491,184
0b98a770-5c32-44a7-97f9-ea0b20522001,1684512651537,133281285060730462,251,699.4,432.6,PiePlot.java,1583,50,,,,2.75619,2.84844,225
78dc351a-735e-461b-8d2a-7e8811252077,1684512651537,133281285051795722,252,547.434,439.028,PiePlot.java,1584,29,,,,2.82751,2.94383,878
c9039462-c5a3-4860-9eee-0ba4befad193,1684512651537,133281285044980682,253,568,352.286,PiePlot.java,1578,32,,,,2.93444,3.06007,133
2e6352c0-3fcd-4229-8a11-3c0474229fca,1684512651537,133281285040064072,254,514.833,488.278,PiePlot.java,1582,24,,,,2.9251,3.06249,441
6d04ea8f-f96a-4256-bb9f-1b4a23a78a94,1684512651537,133281285013475752,255,535.491,562.982,PiePlot.java,1582,26,,,,2.99731,3.16153,692
dd5b41f5-b50c-43c3-8d6a-1601ded7baa6,1684512651537,133281284984887052,256,471.086,651.613,Bug-13.txt,75,25,,,,2.79151,2.91903,1052
f432ecee-e4fb-4431-a81b-f3c5e211e85e,1684512651537,133281284976308001,257,473.962,667.692,Bug-13.txt,77,22,,,,2.84632,2.99366,750
f23ac8b6-9db1-47e4-9ed8-5c30dd6bdc33,1684512651537,133281284961813986,258,504.808,594.154,Bug-13.txt,71,27,,,,2.75681,2.858,1434
f32d3e63-0346-4d6d-8ad8-496f4f0fc051,1684512651537,133281284957969155,259,689.091,576.727,Bug-13.txt,70,52,,,,2.69568,2.6684,337
a63f22e8-7804-484e-bd00-053ff3d7633c,1684512651537,133281284951812624,260,666,578.125,Bug-13.txt,70,49,,,,2.73378,2.73784,191
2520591f-226d-429b-bb9c-4dd62a601fce,1684512651537,133281284929812053,261,527.022,616.253,Bug-13.txt,73,27,,,,2.72828,2.83231,2141
c6091e2f-d3bc-48b9-b5e6-1d75eef05833,1684512651537,133281284905651148,262,483.845,393.936,Bug-13.txt,57,22,,,,2.73343,2.8664,2383
5d6e1ba4-9010-43a8-a89d-adcd4ced158f,1684512651537,133281284880877620,263,496.173,585.988,Bug-13.txt,71,23,,,,2.63455,2.73516,2435
631d61d0-2499-42b9-99d9-0bc8fde81f69,1684512651537,133281284872474870,264,534.194,604.278,Bug-13.txt,71,28,,,,2.62505,2.70355,751
86517631-25bf-4fac-8460-05ea6b2f0ec7,1684512651537,133281284837790484,265,680.506,568.581,Bug-13.txt,70,51,,,,2.63379,2.60699,3419
8e5b2981-35ab-4b90-82a1-c3f50f7e5222,1684512651537,133281284834647788,266,754.25,546,Bug-13.txt,68,62,,,,2.60905,2.54734,259
7de2178c-58c4-4d96-b9ae-9ab66c19dddb,1684512651537,133281284830314868,267,678.409,576.864,Bug-13.txt,70,49,,,,2.70046,2.6392,283
0b478af2-feef-4232-87c9-ea4e286f8e5b,1684512651537,133281284819399470,268,543.805,587.085,Bug-13.txt,71,26,,,,2.69766,2.73648,990
1ab32845-cc80-46a2-9ff6-e149916ff56c,1684512651537,133281284803478531,269,470.862,584.688,Bug-13.txt,70,21,,,,2.67257,2.76067,1558
a41f2a2c-2bbb-4bec-8e63-0d4894e2c419,1684512651537,133281284790402095,270,476.419,579.815,Bug-13.txt,71,9,,,,2.66055,2.74683,1283
00b4afc3-5624-42a6-8be5-f503c174839a,1684512651537,133281284786308048,271,530,595.938,Bug-13.txt,71,31,,,,2.72863,2.81015,342
a756179c-f7f0-464c-9e8f-afe1654a5eb1,1684512651537,133281284766647076,272,494.07,418.07,Bug-13.txt,57,21,,,,2.80045,2.90895,1458
0fe62c10-7847-40b1-96ca-b4f56e68bc92,1684512651537,133281284742631178,273,506.292,408.24,Bug-13.txt,56,22,,,,2.76699,2.8846,2386
e752fad8-6351-412f-aae7-85aa1c5593a6,1684512651537,133281284723963262,274,482.905,403.714,Bug-13.txt,57,24,,,,2.74589,2.85507,1843
05933c41-6908-4dd3-a611-187e778d1936,1684512651537,133281284700148279,275,484.648,408,Bug-13.txt,56,22,,,,2.80053,2.93176,1783
03b72eb5-26c4-428c-a785-aafc3730aab6,1684512651537,133281284685484661,276,517.628,353.326,Bug-13.txt,52,26,,,,2.83889,2.97907,967
d572c0f5-030c-453c-a7da-790656928639,1684512651537,133281284656309731,277,485.234,391.684,Bug-13.txt,52,20,,,,2.77083,2.87731,2282
ba28bf6b-f120-48ef-a3f1-af5de2709b1c,1684512651537,133281284654062521,278,467,430.933,Bug-13.txt,57,20,,,,2.71287,2.82404,117
ac69803f-2094-4e15-aadb-70660414e11e,1684512651537,133281284636061319,279,474.754,420.926,Bug-13.txt,56,22,,,,2.74664,2.85786,1683
f461c44b-7d05-4663-8b75-37db30da368c,1684512651537,133281284629563687,280,433.135,604.038,Bug-13.txt,68,16,,,,2.66152,2.79842,582
0c042292-e9e8-4eb3-9ac6-3ed54368f03d,1684512651537,133281284627311870,281,455.261,539.522,Bug-13.txt,62,19,,,,2.73188,2.87741,182
3af73697-187e-4b52-aa2b-bdda2866a382,1684512651537,133281284617563958,282,726.727,170.591,Bug-13.txt,37,51,,,,2.84406,2.95931,383
da669e5b-5548-40b4-bfe8-6f88431141a8,1684512651537,133281284611215086,283,705.913,172.203,Bug-13.txt,37,54,,,,2.8143,2.94289,615
c326d1a6-e5f3-4be3-adc8-3505be38f31e,1684512651537,133281284605057977,284,771.319,177.145,Bug-13.txt,37,66,,,,2.7839,2.90062,592
7e7449f4-66a6-43e0-9aa8-55405e3b3e5a,1684512651537,133281284589878023,285,507.327,174.815,Bug-13.txt,37,12,,,,2.76866,2.90561,1478
de6fc23a-c7ff-4290-a92b-f0b5714700fa,1684512651537,133281284587563188,286,710.941,165.882,Bug-13.txt,37,55,,,,2.79159,2.90179,183
43336169-e6a6-4119-8adf-326bb4d9a9d0,1684512651537,133281284526814992,287,771.916,170.932,Bug-13.txt,37,65,,,,2.7894,2.8946,5301
304cd932-f781-45c3-9229-15f3229169a2,1684512651537,133281284519640051,288,694.695,170.902,Bug-13.txt,37,52,,,,2.81857,2.93416,691
339bc63e-9def-413b-bd76-a7372ffbafdf,1684512651537,133281284511314020,289,551.347,179.796,Bug-13.txt,37,40,,,,2.87901,3.03624,809
2fbf117e-aadd-4c12-b1fe-5f8c19d143fe,1684512651537,133281284498140178,290,452.404,191.246,Bug-13.txt,40,13,,,,2.99102,3.18007,1192
f445d1b0-9bec-453c-8b0b-1cf36bcaec14,1684512651537,133281284495798958,291,430.304,297.217,Bug-13.txt,52,15,,,,3.09454,3.30309,184
96370b88-ad60-4758-bb1f-97c7bcbdf4d5,1684512651537,133281284457724613,292,469.886,382.521,Bug-13.txt,57,24,,,,2.76571,2.88978,1251
31151b66-2f6d-4193-8a45-388b0c9bd582,1684512651537,133281284454712332,293,398.563,583.844,Bug-13.txt,71,11,,,,2.6895,2.84204,260
606840f0-bc37-47e6-be4b-d56110ff7833,1684512651537,133281284443978383,294,489.969,645.449,Bug-13.txt,67,22,,,,2.72506,2.86452,873
01487a5d-6fea-48a6-b047-d47a4ab86878,1684512651537,133281284442224689,295,428.286,573.286,Bug-13.txt,67,15,,,,2.70519,2.86648,140
1f9a470c-ee59-4637-9d64-47a907c52493,1684512651537,133281284426563816,296,536.47,589.121,Bug-13.txt,70,33,,,,2.7623,2.87692,1109
6576932e-3609-4e7c-9d1f-e6ef1303fe00,1684512651537,133281284419312733,297,507.333,404,Bug-13.txt,51,28,,,,2.90482,3.03354,690
b8820456-9c7a-4411-bcce-dc30fe7fdb3d,1684512651537,133281284402811477,298,736.625,539.625,PiePlot.java,1581,56,,,,2.64102,2.64419,83
41740e8c-8143-4dd7-b38d-08efb2959082,1684512651537,133281284400566570,299,677.25,541.125,PiePlot.java,1581,47,,,,2.64495,2.63981,175
33998455-4c93-4023-ad98-61dce51c86be,1684512651537,133281284398377529,300,593.875,562,PiePlot.java,1583,35,,,,2.68631,2.7037,192
ca44b4f6-6b35-4369-bbbd-a354fe23064c,1684512651537,133281284395814183,301,753.353,535.353,PiePlot.java,1581,58,,,,2.64817,2.65889,240
5e572cc2-299b-4ae4-8a8f-32a435f12277,1684512651537,133281284393066610,302,662.714,557.571,PiePlot.java,1583,45,,,,2.73371,2.75166,173
9a7979ba-be00-4e16-8287-83f82d4e5bde,1684512651537,133281284374980700,303,562.156,560.109,PiePlot.java,1582,31,,,,2.68846,2.74221,1782
10449d8e-e612-4e0b-a11e-879e14404ac7,1684512651537,133281284311143581,304,551.8,559.319,PiePlot.java,1582,31,,,,2.6824,2.73974,6367
9b43282c-be2b-4fff-93fd-caf0ebec4acf,1684512651537,133281284274126971,305,561.609,571.42,PiePlot.java,1580,22,,,,2.67096,2.73783,2870
9ee5cd98-6ac9-4f3a-9406-7b5844bd60f0,1684512651537,133281284264731614,306,623.25,532.25,PiePlot.java,1578,41,,,,2.67175,2.65757,842
665d4bfa-1521-4571-b1ae-009223f5a813,1684512651537,133281284253294794,307,490.094,509.563,PiePlot.java,1576,21,,,,2.64568,2.72513,409
48b431c2-c463-48ba-b9e9-c90f61799de8,1684512651537,133281284244894127,308,761.583,592.792,PiePlot.java,1581,58,,,,2.61321,2.58834,299
341fec8b-6a9d-4b66-85e7-3776a4291965,1684512651537,133281284228976862,309,547.234,609.608,PiePlot.java,1580,15,,,,2.70037,2.73584,1566
87440736-89fb-436b-b085-fc8b884a4a02,1684512651537,133281284222544906,310,512.091,476.955,PiePlot.java,1574,24,,,,2.74714,2.82553,502
e660b61e-11fc-45a4-b011-d706c83f8bde,1684512651537,133281284212212899,311,505.51,476.941,PiePlot.java,1574,23,,,,2.74237,2.83716,717
854ff11d-0f48-424b-9aff-5d015f508cf2,1684512651537,133281284208312533,312,549.704,475.037,PiePlot.java,1574,29,,,,2.70071,2.77871,332
eec8dce4-287d-4e1e-a2af-a2cd8bc78c1e,1684512651537,133281284200732090,313,478.108,508.892,PiePlot.java,1574,19,,,,2.62013,2.7264,508
96f23668-55f7-40d7-be1a-2b1e24dcd5c7,1684512651537,133281284195898399,314,641.132,478.711,PiePlot.java,1574,44,,,,2.62963,2.6655,442
5c59857a-a3ad-45f4-8122-2712f4aefdb0,1684512651537,133281284187388717,315,539.5,499.833,PiePlot.java,1576,27,,,,2.73414,2.84283,215
0d9780b4-4856-43f7-96e9-b2a584f30c6b,1684512651537,133281284183971487,316,460.25,502.5,PiePlot.java,1576,16,,,,2.81538,2.92961,148
784af7f5-0756-47a6-acb1-8c69ce7dd916,1684512651537,133281284131891589,317,371.344,488.155,PiePlot.java,1575,4,,,,2.80401,2.94304,5175
f11d83ca-b460-4788-b2e0-017ae6e330b8,1684512651537,133281284124395600,318,369.143,709.286,PiePlot.java,2734,2,,,,2.89976,3.04022,517
9e35465e-3e04-41a4-af57-b9b538c1eca3,1684512651537,133281284102725105,319,427.348,304.348,PiePlot.java,267,11,,,,2.8775,3.01899,201
344c7b53-a7b4-4454-9904-f81b6d1c9567,1684512651537,133281284095647521,320,430.634,308.39,Bug-13.txt,46,15,,,,2.95746,3.09491,542
86c86fae-289f-4637-9f33-536c143d5df9,1684512651537,133281284083893326,321,403.141,299.261,Bug-13.txt,46,13,,,,2.95653,3.0965,758
e12df7c7-7f21-4742-bcfe-6ef3381e3447,1684512651537,133281284076374767,322,441.2,396.4,Bug-13.txt,58,18,,,,3.00573,3.12751,93
be31cc2e-99ca-4cca-a7a1-edbe6e99041f,1684512651537,133281284059145365,323,630.265,544.353,PiePlot.java,283,37,,,,2.69677,2.69916,700
72dc1fa5-dce0-4800-a689-dae8e5389eb4,1684512651537,133281284053981651,324,490,569.067,PiePlot.java,276,20,,,,2.77387,2.94167,390
e9c2fcfe-77ac-444b-87e4-e070e8ef9ec9,1684512651537,133281284048812234,325,501.964,402.5,PiePlot.java,255,22,,,,2.89858,3.04579,257
8eb07031-921c-4bcf-bcc7-3a0bf283b1ee,1684512651537,133281284043462777,326,476.444,114.556,PiePlotTest.java,2,19,,,,3.02176,3.19782,99176
84f650a4-1fae-4923-9bfc-1c5a2ea01a74,1684512651537,133281284040957997,327,491.714,400.714,PiePlotTest.java,95,22,,,,2.99951,3.14482,118
e28f9411-bd31-4165-a86c-004307eedf89,1684512651537,133281284031293438,328,447.636,109,PiePlotTest.java,2,15,,,,2.95517,3.13311,177
e781ccf9-8afb-4f59-ba4f-43e99e084092,1684512651537,133281283992728523,329,534.9,284.4,Bug-13.txt,51,30,,,,3.01996,3.15553,557
5e744c98-557a-4cac-b7ee-591c6a584ce8,1684512651537,133281283989645014,330,480.133,363.6,Bug-13.txt,56,22,,,,2.99968,3.11059,173
7997edaa-1b84-4fce-b80c-1c3b7dbde1da,1684512651537,133281283979146231,331,522.321,292.679,Bug-13.txt,51,28,,,,2.89846,3.01608,225
47d836aa-7707-4591-a98c-ede63555cd6e,1684512651537,133281283976711577,332,491.048,369.286,Bug-13.txt,56,24,,,,2.8941,2.9719,208
837e8c57-34c8-4f97-b348-4694f782710f,1684512651537,133281283974146158,333,576.185,139.222,Bug-13.txt,41,36,,,,2.88091,2.99294,217
8d94b440-91a4-4be7-a849-14b74f82bcf6,1684512651537,133281283970461585,334,440.917,354.167,Bug-13.txt,56,16,,,,2.84338,2.97367,327
11372662-ea07-404e-afc4-a685a0fc553a,1684512651537,133281283960562827,335,506.593,366.704,Bug-13.txt,56,26,,,,2.8343,2.9388,790
1bbe3224-dcdb-4e87-8831-c2a493b3b5fc,1684512651537,133281283944978958,336,442.077,526.846,Bug-13.txt,67,17,,,,2.86687,2.98289,148
47614ce2-042c-434e-80a6-9887130ae35d,1684512651537,133281283937141835,337,466.025,412.85,Bug-13.txt,60,21,,,,2.90155,3.02137,741
a8c7dd98-5d9a-44a4-8cdd-e449828a9f33,1684512651537,133281283919729437,338,515.385,375.538,Bug-13.txt,57,27,,,,3.06881,3.16486,141
10528d2a-76d4-49f2-a622-81a611d48e27,1684512651537,133281283917308234,339,464.5,482.9,Bug-13.txt,58,19,,,,3.01036,3.11266,175
8fd87c27-c4db-425d-8d37-3f3a2223bbdf,1684512651537,133281283905045583,340,464.759,392.103,PiePlot.java,254,18,,,,2.96766,3.0963,301
4010417e-e997-4677-9b84-fce1d24228a2,1684512651537,133281283862695134,341,498.714,296.571,Bug-13.txt,45,25,,,,3.78893,3.90331,177
496858ee-fdfb-44ea-8011-cc6232d6a169,1684512651537,133281283831211748,342,551.692,387.654,Bug-13.txt,52,34,,,,2.98104,3.10933,1783
ddd8851b-3d92-4f2e-9e64-8d3f148386b1,1684512651537,133281283828894171,343,481.375,421.25,Bug-13.txt,54,22,,,,3.00572,3.149,84
04994aa0-4948-4e8f-8525-40beb03d91d5,1684512651537,133281283801813163,344,433.5,356.375,Bug-13.txt,52,16,,,,2.66415,2.80237,108
34725949-561a-4b50-9396-e168426902d0,1684512651537,133281283791479056,345,451.098,354.679,Bug-13.txt,58,23,,,,2.67128,2.78235,1006
480d598c-1b08-4a56-acf4-381e2ce2d6b8,1684512651537,133281283789313500,346,633.778,688.889,Bug-13.txt,77,44,,,,2.59572,2.63368,100
e8bb0c95-c0af-4f87-8b8e-8942afed4bca,1684512651537,133281283776542302,347,504.9,672.025,Bug-13.txt,77,27,,,,2.58764,2.69209,1160
00808889-f543-4a5a-8085-73fd3dc0c322,1684512651537,133281283769729659,348,624.875,669.75,Bug-13.txt,77,46,,,,2.60256,2.66559,433
0dd3456f-50d5-4f3e-b83d-d599a09cf2e4,1684512651537,133281283759974903,349,472.484,673.677,Bug-13.txt,77,17,,,,2.61753,2.77179,809
83c3e621-04d1-4352-9c88-20ae81ced9eb,1684512651537,133281283745147552,350,497.784,677.302,Bug-13.txt,77,28,,,,2.6721,2.82841,1449
e234df4e-b720-43dc-90dc-3aba26701c9f,1684512651537,133281283736146469,351,493.843,680.514,Bug-13.txt,77,28,,,,2.6807,2.79503,884
fff13057-0f4a-4f4e-97db-4aa64baea1d3,1684512651537,133281283724980586,352,559.112,649.313,Bug-13.txt,75,34,,,,2.65229,2.74699,1083
bb14eb56-e818-442d-acea-5db524c707f2,1684512651537,133281283721132733,353,455.571,676.571,Bug-13.txt,77,19,,,,2.62487,2.76579,291
47bd28d4-a35a-438b-9701-921b4f611120,1684512651537,133281283707635282,354,548.632,646.982,Bug-13.txt,75,34,,,,2.69569,2.80308,1318
5c920894-e550-4138-8b42-11ea07f4a8ce,1684512651537,133281283695895191,355,528.064,658.234,Bug-13.txt,75,28,,,,2.68968,2.73663,873
531a8101-ddbe-4d9a-a52a-c876ffbf5e86,1684512651537,133281283693215471,356,564.778,670.667,Bug-13.txt,75,34,,,,2.62103,2.72886,141
0c2c5a25-5426-4549-86e8-102aaa9d8410,1684512651537,133281283674065749,357,695.429,637.111,Bug-13.txt,74,57,,,,2.62398,2.70052,1892
061a5722-18ca-4751-abe2-b38c35fd61cf,1684512651537,133281283643064902,358,506.948,637.731,Bug-13.txt,75,32,,,,2.66744,2.8017,3050
8582487d-439f-416c-8fbd-17d405c78a78,1684512651537,133281283632229045,359,476.982,667.152,Bug-13.txt,74,25,,,,2.62201,2.76113,1065
731d77d5-56fa-4d7a-9177-ffce52fb9bb0,1684512651537,133281283613558800,360,685.667,620.556,Bug-13.txt,70,49,,,,2.68113,2.7065,324
728d169d-a7b8-4949-bb09-9200e337510e,1684512651537,133281283594628116,361,535.355,646.408,Bug-13.txt,73,32,,,,2.75021,2.85593,1768
534113b5-c2fb-4ec7-9706-2b2ab624039b,1684512651537,133281283591211793,362,420.556,631.926,Bug-13.txt,71,14,,,,2.7786,2.91619,219
6afcc848-f616-4e5b-b27d-4508652225fa,1684512651537,133281283578473432,363,467.848,400.03,Bug-13.txt,56,22,,,,2.79534,2.87369,826
98a9d258-19a5-48d7-8462-0953559c0e40,1684512651537,133281283571398186,364,424.559,440.881,Bug-13.txt,60,18,,,,2.79049,2.89805,615
5816f39d-13bf-46f1-be44-3644532051a2,1684512651537,133281283569726959,365,471.1,617.9,Bug-13.txt,70,21,,,,2.84863,2.94178,117
d0e37331-b3c6-402f-9cb7-c6be08ea57d9,1684512651537,133281283562898283,366,418.127,722.857,Bug-13.txt,74,9,,,,2.72574,2.88183,658
d29a49e7-114e-4722-8a2f-79625a8eac98,1684512651537,133281283560891930,367,454.5,683,Bug-13.txt,71,18,,,,2.65619,2.81314,84
47850b57-bf7a-4866-92af-2b53f79df940,1684512651537,133281283527896158,368,540.077,684.192,Bug-13.txt,71,31,,,,2.68879,2.80127,1482
987b35d9-e183-43d4-81b7-7aa2df659ccf,1684512651537,133281283512895063,369,472.146,684.78,Bug-13.txt,71,20,,,,2.72544,2.86715,1341
9e1c9502-02a4-4c94-9c3e-5793b875e69f,1684512651537,133281283489042927,370,486.943,675.808,Bug-13.txt,70,32,,,,2.69686,2.8277,2336
ca5deb7f-5a04-4d08-b5cb-e9620363b190,1684512651537,133281283475314283,371,497.231,691.097,Bug-13.txt,71,22,,,,2.77092,2.90072,1357
cfcafd3a-949a-4bb5-9f2b-5a9e1f58c358,1684512651537,133281283454227057,372,453.425,491.386,Bug-13.txt,54,21,,,,2.71846,2.80276,2075
6140ec94-8616-444f-8d3f-15bceb999654,1684512651537,133281283452061731,373,497.222,505.111,Bug-13.txt,56,25,,,,2.66783,2.7424,91
1b204dbf-48ed-4ced-89f5-7c86126e0646,1684512651537,133281283442960027,374,482.955,486,Bug-13.txt,56,21,,,,2.73263,2.81994,719
a34251c7-4794-40eb-9c24-f72ec1a99814,1684512651537,133281283427724890,375,679.917,210.389,Bug-13.txt,37,52,,,,2.79105,2.88945,401
53ac5f5c-d2b0-4ead-a7a6-0ab1ef1eb06f,1684512651537,133281283425395960,376,618.714,213.071,Bug-13.txt,37,42,,,,2.7946,2.89389,158
f9719eda-99a9-4b85-809d-2b958d802626,1684512651537,133281283416215876,377,484.463,214.333,Bug-13.txt,37,24,,,,2.79971,2.93234,776
dd5585eb-845c-4799-b9ac-9f12075d6ff3,1684512651537,133281283413229724,378,548.15,212.55,Bug-13.txt,37,26,,,,2.8083,2.92532,233
aa3ac2bc-eb2f-49f0-a469-f3b1af1391c5,1684512651537,133281283406312760,379,404.889,215.417,Bug-13.txt,37,11,,,,2.77999,2.90349,509
2315f0fe-3b58-48fa-8aa2-b80e088488bf,1684512651537,133281283403624241,380,447.5,254,Bug-13.txt,38,19,,,,2.72726,2.85485,234
327b946f-9db2-4caf-a664-b535dc9bcc12,1684512651537,133281283400311536,381,451.5,332.5,Bug-13.txt,45,18,,,,2.74455,2.86806,200
b50208f1-2b59-4467-9c15-29cd150c87b5,1684512651537,133281283394062660,382,515.471,420.588,Bug-13.txt,51,27,,,,2.70801,2.7934,199
bdc3fa6b-c4b2-45b0-aed7-cdfad080a011,1684512651537,133281283390146756,383,571.077,332.077,Bug-13.txt,45,36,,,,2.71221,2.82316,307
6c6c90e2-1676-4ecc-8d22-8b4d810ecb83,1684512651537,133281283383475503,384,466.522,441.826,Bug-13.txt,52,20,,,,2.74572,2.86159,225
807c5fdb-81df-463d-90de-5a8f9d257701,1684512651537,133281283375306683,385,553.148,436,Bug-13.txt,52,31,,,,2.77682,2.86272,792
57094902-7ffc-459f-9a96-bf72aafd43f4,1684512651537,133281283352650026,386,497.434,470.809,Bug-13.txt,54,27,,,,2.70074,2.79155,2023
88ab9017-4d0e-4181-9703-582559115270,1684512651537,133281283270811809,387,477.825,490.383,Bug-13.txt,54,21,,,,2.70352,2.80098,7116
40526499-3377-4ab8-813f-c103e46d0ecb,1684512651537,133281283266060270,388,387.766,493.681,Bug-13.txt,56,8,,,,2.67997,2.82335,459
07e0a26e-e0be-4dee-bc46-feb8856cc5d7,1684512651537,133281283262310467,389,592.294,443.824,Bug-13.txt,52,36,,,,2.69033,2.78111,317
fbe06550-21c8-4a6d-a239-545adfdc06f5,1684512651537,133281283240894377,390,458.529,478.798,Bug-13.txt,54,20,,,,2.69691,2.78905,1516
3823b82d-ef4b-4b76-aa6a-8d2af5a34161,1684512651537,133281283229144492,391,493,505.888,Bug-13.txt,57,23,,,,2.73851,2.82571,1141
497b45d9-bea0-419c-8141-9cda86e86ed5,1684512651537,133281283209061199,392,479.013,554.078,Bug-13.txt,57,19,,,,2.70658,2.83516,1953
1ef05399-ca6e-4ee6-9012-56f478373e90,1684512651537,133281283170690398,393,488.509,537.749,Bug-13.txt,54,22,,,,2.72625,2.83205,3812
d5fcb2a3-166f-41ee-bb6a-eda3d5c5a541,1684512651537,133281283151388951,394,470.901,595.463,Bug-13.txt,54,20,,,,2.69672,2.81385,1792
3569ccc0-c423-40e4-91bd-b13631dc9167,1684512651537,133281283143643033,395,524.762,347.762,Bug-13.txt,37,31,,,,2.7917,2.91061,334
e16e5257-eebc-4b91-9e6d-e8a89573ea09,1684512651537,133281283137138136,396,563,345.357,Bug-13.txt,37,32,,,,2.77352,2.88567,450
91212e17-926c-4883-8748-4bafd216a6e1,1684512651537,133281283134189825,397,378.259,333.963,Bug-13.txt,36,8,,,,2.75404,2.89641,254
8acf2ffa-3956-46a7-965b-90f74fbcd7e7,1684512651537,133281283126968402,398,479,344.25,Bug-13.txt,37,22,,,,2.75545,2.85165,185
ce176011-ce16-4959-996f-04826e169896,1684512651537,133281283119557076,399,392.621,358.707,Bug-13.txt,38,8,,,,2.67833,2.80691,661
5dec8aa6-901d-4716-865f-260917916890,1684512651537,133281283097371375,400,687,347.222,Bug-13.txt,37,53,,,,2.74158,2.84506,2186
acae130d-e661-4e20-a8e2-02248fc15848,1684512651537,133281283090727359,401,584.19,346.929,Bug-13.txt,37,41,,,,2.83523,2.96457,516
0c9ac5b7-4e2e-481a-b63d-3bf0e3cac9cd,1684512651537,133281283088222059,402,498.714,349,Bug-13.txt,37,25,,,,2.8677,2.99483,225
140ae978-5138-432f-9e10-114fdd191b35,1684512651537,133281283083045968,403,383.429,357.429,Bug-13.txt,37,8,,,,2.8201,2.95787,223
3397263c-04c2-44d8-a4bf-4b1e7e4649a7,1684512651537,133281283077891338,404,398.236,440.236,Bug-13.txt,40,10,,,,2.79305,2.95526,492
447cb334-15f2-4860-ac37-dc4d2c49b36d,1684512651537,133281283075561213,405,432.444,296.481,Bug-13.txt,30,12,,,,2.79898,2.97219,217
269599ce-7d68-4095-8317-bbee94757bbf,1684512651537,133281283062965014,406,607.304,229.783,Bug-13.txt,26,37,,,,2.834,2.94351,1224
8379ee42-db43-400f-83c8-02a3cfa24e40,1684512651537,133281283057562699,407,405.4,407.517,Bug-13.txt,38,10,,,,2.81214,2.95328,490
e780d376-0a70-46ec-9b1e-9522d76c0653,1684512651537,133281283047311696,408,543.286,269.857,Bug-13.txt,30,26,,,,2.8215,2.95071,650
738a3cba-a4a6-41f8-862e-50958c790e70,1684512651537,133281283041959572,409,568.571,360.5,Bug-13.txt,41,35,,,,2.81262,2.91975,110
75f9f300-8953-41dd-bb9d-1bc2bfb83d2b,1684512651537,133281283030810700,410,459.473,377.095,Bug-13.txt,38,31,,,,2.78445,2.92738,1092
207f653d-9874-4a8e-ac63-03b620ae9c90,1684512651537,133281283020055753,411,622.464,474.75,Bug-13.txt,45,40,,,,2.76664,2.82634,400
498c682f-bc60-47b0-9a73-959861f39131,1684512651537,133281283012559326,412,524.559,604.971,Bug-13.txt,54,29,,,,2.73888,2.87452,482
b02b6474-b1d5-42c2-9677-024303689e38,1684512651537,133281282991642724,413,521.682,562.909,Bug-13.txt,51,28,,,,2.77695,2.89687,232
f02518c0-03dd-4c9d-b363-175f9c8d253d,1684512651537,133281282988975921,414,443.737,558.474,Bug-13.txt,51,17,,,,2.77344,2.94136,233
6e47f53f-d83d-4966-b3b9-2196e4c91961,1684512651537,133281282984477181,415,475,633,Bug-13.txt,56,21,,,,2.84596,3.01463,391
75c85a78-d059-4d0f-9d34-d6aaab67190c,1684512651537,133281282982041162,416,395.958,401.167,Bug-13.txt,40,10,,,,2.84632,3.00972,192
df70281e-2ed9-46ad-b073-6d28287c2a16,1684512651537,133281282979541069,417,389.654,227.154,Bug-13.txt,29,9,,,,2.8788,3.0607,208
c0572314-885f-427f-892c-8a57769a085d,1684512651537,133281282973708635,418,475.682,210.091,Bug-13.txt,30,18,,,,2.82868,2.9962,544
55d90a6f-b517-402d-ab28-38ac1037b89c,1684512651537,133281282960894881,419,575.556,300.889,Bug-13.txt,37,36,,,,2.92602,3.06845,216
c42ff3b3-6d0e-45e7-9808-149dacf5eec9,1684512651537,133281282959228693,420,454.727,301.636,Bug-13.txt,37,18,,,,2.91279,3.06873,148
f5e32d38-95e1-4ff4-85c3-3e58ff8a90e2,1684512651537,133281282951977532,421,425.509,322.14,Bug-13.txt,37,9,,,,2.88601,3.02272,641
a549cadd-a85f-4530-9d2f-cc7f3ffa257b,1684512651537,133281282932476544,422,424.448,356.701,Bug-13.txt,56,21,,,,2.82053,2.94331,1883
76537d19-d072-41de-b761-d07b83ed502d,1684512651537,133281282927793318,423,467.163,575.488,Bug-13.txt,70,17,,,,2.75278,2.91747,416
35fd9dbc-d4d2-4c17-a025-9e9bffb504c2,1684512651537,133281282923707513,424,431.789,620.658,Bug-13.txt,73,15,,,,2.77449,2.9309,352
aecc730c-8d06-4854-ad9e-a0a2be65922d,1684512651537,133281282913394334,425,418.754,485.456,Bug-13.txt,54,15,,,,2.77217,2.88812,1001
3d16bc67-ea08-4c49-bd40-4ec83b03e7a0,1684512651537,133281282911478298,426,381.667,730,Bug-13.txt,72,8,,,,2.8005,2.92992,165
b148d511-4a7b-467b-be69-96fe728ee1e8,1684512651537,133281282909638172,427,377.238,569.524,Bug-13.txt,61,7,,,,2.73384,2.83901,167
50ccabc2-4608-4c48-b7fc-c5e6a9364266,1684512651537,133281282892040773,428,469.01,498.707,Bug-13.txt,57,19,,,,2.74111,2.82942,1093
9b0e4da5-8c48-4fb0-8f02-ff3d524abbd9,1684512651537,133281282877640070,429,461.907,460.297,Bug-13.txt,54,21,,,,2.78841,2.89771,1409
ec848127-93a5-49d9-8d42-2b00e79c6d67,1684512651537,133281282874730870,430,409.52,459.84,Bug-13.txt,54,12,,,,2.786,2.92745,264
86270279-f164-4493-ad2d-ee5fb64b3387,1684512651537,133281282852142428,431,457.599,496.048,Bug-13.txt,54,21,,,,2.78771,2.90181,2242
f760cb66-eae7-48aa-98f8-2b53cc64f90c,1684512651537,133281282841060219,432,441.585,504.908,Bug-13.txt,51,15,,,,2.75329,2.86811,875
183b0268-3867-4fce-add9-bd7c76229234,1684512651537,133281282832973946,433,480.217,500.043,Bug-13.txt,51,17,,,,2.78421,2.85572,649
bd159d00-0b2a-472a-a85e-3ef58797b670,1684512651537,133281282829459515,434,497.333,499.889,Bug-13.txt,51,26,,,,2.78406,2.85174,302
1881c793-5c60-4c5b-9092-93eb303c1ceb,1684512651537,133281282820812572,435,441.962,513.205,Bug-13.txt,52,17,,,,2.74818,2.85206,842
19151ec3-3459-485e-92f1-6a52dfd46369,1684512651537,133281282809639273,436,386.863,508.49,Bug-13.txt,45,9,,,,2.77659,2.89977,493
4cc9c2f5-e97c-41ef-b1e0-c92f842640e1,1684512651537,133281282793561983,437,384.984,414.32,Bug-13.txt,40,10,,,,2.8122,2.93159,1217
f0eef031-e15b-4d7a-a46a-635437cd7ffb,1684512651537,133281282753977549,438,394.123,479.521,Bug-13.txt,37,10,,,,2.85838,2.97105,932
b0f97384-5ca1-49f7-837f-6140714fee96,1684512651537,133281282748292748,439,421.926,445.667,Bug-13.txt,26,11,,,,2.83694,2.92943,485
9b6738fb-ee37-402f-9faa-169294fead7c,1684512651537,133281282726560311,440,615.55,333.45,Bug-13.txt,19,41,,,,2.97499,3.03575,183
b3faade5-4d89-4645-8a0a-80f7a85cd28a,1684512651537,133281282717811803,441,399.326,349.435,Bug-13.txt,19,11,,,,3.01645,3.11956,806
9c6a6648-f9e6-4fcb-ac46-141c695e0ea5,1684512651537,133281282681960512,442,621.885,333.385,Bug-13.txt,19,42,,,,3.04988,3.14517,3559
f42b71b2-6876-43ab-8a1e-31b34824d8c5,1684512651537,133281282670043621,443,483.643,338.714,Bug-13.txt,19,28,,,,3.1702,3.25999,1061
14028433-1116-4ab9-9ad5-a06588b1ec3a,1684512651537,133281282661461307,444,401.585,303.491,Bug-13.txt,16,14,,,,3.2404,3.36002,801
7b782000-c854-4c81-879a-17d184eb6199,1684512651537,133281282658647348,445,529,296.857,Bug-13.txt,13,29,,,,3.26079,3.35488,142
93b99be8-7a9a-4762-a04d-3ad0baea4229,1684512651537,133281282651646045,446,398.857,284.161,Bug-13.txt,13,10,,,,3.27344,3.35381,458
9054dd80-7132-4af8-94bc-fd002a6682df,1684512651537,133281282641808762,447,519.706,147.338,Bug-13.txt,4,13,,,,3.36118,3.43686,650
7722e55d-b2ca-497f-89e2-0c9a6a752a3e,1684512651537,133281282636716028,448,402.735,130.941,Bug-13.txt,2,11,,,,3.44151,3.54976,352
c3216a9d-8082-4ecc-bc3f-a593b8ba6dd1,1684512651537,133281282622708045,449,406.119,164.208,Bug-13.txt,3,17,,,,3.48582,3.5872,1301
4eb7de1b-184f-44b7-81cd-5d0e00ff0ae5,1684512651537,133281282602274548,450,508.667,295.333,Bug-13.txt,13,26,,,,3.43543,3.54164,1504
